<?xml version="1.0" encoding="UTF-8"?>

<!DOCTYPE mapper
PUBLIC "-//mybatis.org//DTD Mapper 3.0//EN"
"http://mybatis.org/dtd/mybatis-3-mapper.dtd">

<mapper namespace="com.teamrun.runbike.record.dao.RecordDao">

<!-- Result Mapping 설정 -->
	<resultMap id="myCourse" type="com.teamrun.runbike.record.domain.Record">
		<id property="r_idx" column="r_idx" />
		<result property="u_idx" column="u_idx" />
		<result property="r_riding_time" column="r_riding_time" />
		<result property="r_riding_date" column="r_riding_date" />
		<result property="r_finish" column="r_finish" />
		<result property="r_startPoint_lon" column="r_startPoint_lon" />
		<result property="r_startPoint_lat" column="r_startPoint_lat" />
		<result property="r_endPoint_lon" column="r_endPoint_lon" />
		<result property="r_endPoint_lat" column="r_endPoint_lat" />
	</resultMap>
	
	<insert id="insertRecord" parameterType="com.teamrun.runbike.record.domain.Record">
		
		insert into record (u_idx, r_riding_time, r_riding_km, r_riding_date, r_startPoint_lon, r_startPoint_lat, r_endPoint_lon, r_endPoint_lat) 
		values (#{u_idx}, #{r_riding_time}, #{r_riding_km}, #{r_riding_date}, #{r_startPoint_lon}, #{r_startPoint_lat}, #{r_endPoint_lon}, #{r_endPoint_lat})
		
	</insert>
	
	
</mapper>