<?xml version="1.0" encoding="UTF-8"?>
<beans:beans
	xmlns="http://www.springframework.org/schema/mvc"
	xmlns:xsi="http://www.w3.org/2001/XMLSchema-instance"
	xmlns:beans="http://www.springframework.org/schema/beans"
	xmlns:context="http://www.springframework.org/schema/context"
	xmlns:p="http://www.springframework.org/schema/p"
	xsi:schemaLocation="http://www.springframework.org/schema/mvc https://www.springframework.org/schema/mvc/spring-mvc.xsd
		http://www.springframework.org/schema/beans https://www.springframework.org/schema/beans/spring-beans.xsd
		http://www.springframework.org/schema/context https://www.springframework.org/schema/context/spring-context.xsd">

	<!-- DispatcherServlet Context: defines this servlet's request-processing 
		infrastructure -->

	<!-- Enables the Spring MVC @Controller programming model -->
	<annotation-driven>
		<message-converters>
			<!-- @ResponseBody로 String 처리할때 한글처리 -->
			<beans:bean
				class="org.springframework.http.converter.StringHttpMessageConverter">
				<beans:property name="supportedMediaTypes">
					<beans:list>
						<beans:value>text/html;charset=UTF-8</beans:value>
					</beans:list>
				</beans:property>
			</beans:bean>
		</message-converters>
	</annotation-driven>
	
	

	<!-- Handles HTTP GET requests for /resources/** by efficiently serving 
		up static resources in the ${webappRoot}/resources directory -->
	<resources mapping="/resources/**" location="/resources/" />
	<resources mapping="/assets/**" location="/assets/" />
	<resources mapping="/images/**" location="/images/" />
	<resources mapping="/assets/**" location="/assets/" />
	<resources mapping="/uploadfile/**" location="/uploadfile/" />
   
	<!-- Resolves views selected for rendering by @Controllers to .jsp resources in the /WEB-INF/views directory -->
	<beans:bean class="org.springframework.web.servlet.view.InternalResourceViewResolver">
		<beans:property name="prefix" value="/WEB-INF/views/" />
		<beans:property name="suffix" value=".jsp" />
	</beans:bean>

	<!-- multipartResolver -->
	<beans:bean id="multipartResolver"
		class="org.springframework.web.multipart.commons.CommonsMultipartResolver">
		<beans:property name="defaultEncoding">
			<beans:value>utf-8</beans:value>
		</beans:property>
	</beans:bean>

	<!-- 데이터소스와 템플릿 추가 : -->
	<beans:bean id="dataSource"
		class="org.apache.commons.dbcp2.BasicDataSource"
		p:driverClassName="com.mysql.jdbc.Driver"
		p:url="jdbc:mysql://runbike-project.c1le2zwwezgt.ap-northeast-2.rds.amazonaws.com/run_bike?characterEncoding=utf8&amp;zeroDateTimeBehavior=convertToNull&amp;serverTimezone=UTC"
		p:username="runbike" p:password="runbike321!" />

	<beans:bean id="jdbcTemplate"
		class="org.springframework.jdbc.core.JdbcTemplate"
		p:dataSource-ref="dataSource" />

	<!-- sqlSessionFactory 설정 -->
	<beans:bean id="sqlSessionFactory"
		class="org.mybatis.spring.SqlSessionFactoryBean"
		p:dataSource-ref="dataSource"
		p:mapperLocations="classpath:com/teamrun/runbike/**/mapper/*.xml"/>

	<beans:bean id="sqlSession"
		class="org.mybatis.spring.SqlSessionTemplate">
		<beans:constructor-arg index="0"
			ref="sqlSessionFactory" />
	</beans:bean>

	<!-- mailSender - 아이디, 비밀번호 바꾸기! -->
	<beans:bean id="mailSender"
		class="org.springframework.mail.javamail.JavaMailSenderImpl">
		<beans:property name="host" value="smtp.gmail.com" />
		<beans:property name="port" value="587" /><!-- 465 or 25 -->
		<beans:property name="username" value="orongeee@gmail.com" />
		<beans:property name="password" value="gntzlzl333" />
		<beans:property name="defaultEncoding" value="utf-8" />
		<beans:property name="javaMailProperties">
			<beans:props>
				<beans:prop key="mail.transport.protocol">smtp</beans:prop>
				<beans:prop key="mail.smtp.auth">true</beans:prop>
				<beans:prop key="mail.smtp.starttls.enable">true</beans:prop>
				<beans:prop key="mail.debug">true</beans:prop>
			</beans:props>
		</beans:property>
	</beans:bean>
 
   	<beans:bean id="AuthCheckInterceptor" class="com.teamrun.runbike.user.interceptor.AuthCheckInterceptor" />
   
   <interceptors>
      <interceptor>
         <mapping path="/user/**"></mapping>
         <mapping path="/record/**"></mapping>
         <mapping path="/party/**"></mapping>
         <exclude-mapping path="/user/register/**" />
         <exclude-mapping path="/user/login/**" />
         <beans:ref bean="AuthCheckInterceptor"/>
      </interceptor>
   </interceptors>
   
	<context:component-scan base-package="com.teamrun.runbike" />




</beans:beans>
